Band on the Run	mission_bandontherun02	"{ name: ""Band on the Run"", image: ""mission_bandontherun02"" },"
Battlepoly - Caisse de Communauté	battlepoly_community	"{ name: ""Battlepoly - Caisse de Communauté"", image: ""battlepoly_community"" },"
Battlepoly - Case Départ	battlepoly_start	"{ name: ""Battlepoly - Case Départ"", image: ""battlepoly_start"" },"
Battlepoly - Case Prison	battlepoly_prison	"{ name: ""Battlepoly - Case Prison"", image: ""battlepoly_prison"" },"
Battlepoly - Les Eaux	battlepoly_water	"{ name: ""Battlepoly - Les Eaux"", image: ""battlepoly_water"" },"
Battlepoly - Les Gares	battlepoly_gares	"{ name: ""Battlepoly - Les Gares"", image: ""battlepoly_gares"" },"
Battlepoly - Rues Ciel	battlepoly_ciel	"{ name: ""Battlepoly - Rues Ciel"", image: ""battlepoly_ciel"" },"
Battlepoly - Rues Jaunes	battlepoly_jaune	"{ name: ""Battlepoly - Rues Jaunes"", image: ""battlepoly_jaune"" },"
Battlepoly - Rues Marines	battlepoly_marine	"{ name: ""Battlepoly - Rues Marines"", image: ""battlepoly_marine"" },"
Battlepoly - Rues Oranges	battlepoly_orange	"{ name: ""Battlepoly - Rues Oranges"", image: ""battlepoly_orange"" },"
Battlepoly - Rues Roses	battlepoly_rose	"{ name: ""Battlepoly - Rues Roses"", image: ""battlepoly_rose"" },"
Battlepoly - Rues Rouges	battlepoly_rouge	"{ name: ""Battlepoly - Rues Rouges"", image: ""battlepoly_rouge"" },"
Battlepoly - Rues Vertes	battlepoly_vert	"{ name: ""Battlepoly - Rues Vertes"", image: ""battlepoly_vert"" },"
Battlepoly - Rues Violettes	battlepoly_violet	"{ name: ""Battlepoly - Rues Violettes"", image: ""battlepoly_violet"" },"
Battlepoly - Taxe de Luxe	battlepoly_luxe	"{ name: ""Battlepoly - Taxe de Luxe"", image: ""battlepoly_luxe"" },"
Battlepoly - Ticket d'Or	battlepoly_gold	"{ name: ""Battlepoly - Ticket d'Or"", image: ""battlepoly_gold"" },"
Battlepoly - Électricité	battlepoly_electric	"{ name: ""Battlepoly - Électricité"", image: ""battlepoly_electric"" },"
Bon Voyage !	plane01_big	"{ name: ""Bon Voyage !"", image: ""plane01_big"" },"
Carte de Presse	news_presse	"{ name: ""Carte de Presse"", image: ""news_presse"" },"
Carte de Radiotélé	news_radiotv	"{ name: ""Carte de Radiotélé"", image: ""news_radiotv"" },"
Grand-Maire	mairie01	"{ name: ""Grand-Maire"", image: ""mairie01"" },"
Hermès	mercure_gold	"{ name: ""Hermès"", image: ""mercure_gold"" },"
Il a perdu la tête !	mission_stdenis	"{ name: ""Il a perdu la tête !"", image: ""mission_stdenis"" },"
Il va y avoir du sport !	sport01	"{ name: ""Il va y avoir du sport !"", image: ""sport01"" },"
La Campagne d'Egypte	mission_egypte	"{ name: ""La Campagne d'Egypte"", image: ""mission_egypte"" },"
Le Noël de Paris (événement)	noel2012	"{ name: ""Le Noël de Paris (événement)"", image: ""noel2012"" },"
Le Paris Noir	mission_bpw	"{ name: ""Le Paris Noir"", image: ""mission_bpw"" },"
Le Poinçonneur des Lilas	mission_lilas	"{ name: ""Le Poinçonneur des Lilas"", image: ""mission_lilas"" },"
Le Soldat Inconnu	soldat_inconnu	"{ name: ""Le Soldat Inconnu"", image: ""soldat_inconnu"" },"
Le Train Fantôme	mission_stationfantome	"{ name: ""Le Train Fantôme"", image: ""mission_stationfantome"" },"
Les Enfers à Paris	lenfer	"{ name: ""Les Enfers à Paris"", image: ""lenfer"" },"
Les Indie Loses	indielose01	"{ name: ""Les Indie Loses"", image: ""indielose01"" },"
Les Loups sont Entrés dans Paris	mission_loups	"{ name: ""Les Loups sont Entrés dans Paris"", image: ""mission_loups"" },"
Les Morts-Vibrants	mission_zombies	"{ name: ""Les Morts-Vibrants"", image: ""mission_zombies"" },"
Mercure	mercure_silver	"{ name: ""Mercure"", image: ""mercure_silver"" },"
Par tous les Saints !	toussaints	"{ name: ""Par tous les Saints !"", image: ""toussaints"" },"
Space Oddity	spaceinvader07	"{ name: ""Space Oddity"", image: ""spaceinvader07"" },"
Super Touriste	supertourist02	"{ name: ""Super Touriste"", image: ""supertourist02"" },"
Visiteur de L'Origine	scout_origine	"{ name: ""Visiteur de L'Origine"", image: ""scout_origine"" },"
Visiteur de Seine	scout_vaux	"{ name: ""Visiteur de Seine"", image: ""scout_vaux"" },"
Visiteur des Alentours	scout_banlieue	"{ name: ""Visiteur des Alentours"", image: ""scout_banlieue"" },"
Visiteur des Monts	scout_monts	"{ name: ""Visiteur des Monts"", image: ""scout_monts"" },"
Visiteur entre les Murs	scout_total	"{ name: ""Visiteur entre les Murs"", image: ""scout_total"" },"
Vétéran du RER A	lineA_01	"{ name: ""Vétéran du RER A"", image: ""lineA_01"" },"
Vétéran du RER B	lineB_01	"{ name: ""Vétéran du RER B"", image: ""lineB_01"" },"
Vétéran du RER C	lineC_02	"{ name: ""Vétéran du RER C"", image: ""lineC_02"" },"
Vétéran du RER D	lineD_01	"{ name: ""Vétéran du RER D"", image: ""lineD_01"" },"
Vétéran du RER E	lineE_01	"{ name: ""Vétéran du RER E"", image: ""lineE_01"" },"
Vétéran du Transilien H	lineH_01	"{ name: ""Vétéran du Transilien H"", image: ""lineH_01"" },"
Vétéran du Transilien J	lineJ_01	"{ name: ""Vétéran du Transilien J"", image: ""lineJ_01"" },"
Vétéran du Transilien K	lineK_01	"{ name: ""Vétéran du Transilien K"", image: ""lineK_01"" },"
Vétéran du Transilien L	lineL_01	"{ name: ""Vétéran du Transilien L"", image: ""lineL_01"" },"
Vétéran du Transilien N	lineN_01	"{ name: ""Vétéran du Transilien N"", image: ""lineN_01"" },"
Vétéran du Transilien R	lineR_01	"{ name: ""Vétéran du Transilien R"", image: ""lineR_01"" },"
Vétéran du métro 1	line01_02	"{ name: ""Vétéran du métro 1"", image: ""line01_02"" },"
Vétéran du métro 2	line02_02	"{ name: ""Vétéran du métro 2"", image: ""line02_02"" },"
Vétéran du métro 3	line03_02	"{ name: ""Vétéran du métro 3"", image: ""line03_02"" },"
Vétéran du métro 3bis	line03bis_02	"{ name: ""Vétéran du métro 3bis"", image: ""line03bis_02"" },"
Vétéran du métro 4	line04_02	"{ name: ""Vétéran du métro 4"", image: ""line04_02"" },"
Vétéran du métro 5	line05_01	"{ name: ""Vétéran du métro 5"", image: ""line05_01"" },"
Vétéran du métro 6	line06_02	"{ name: ""Vétéran du métro 6"", image: ""line06_02"" },"
Vétéran du métro 7	line07_02	"{ name: ""Vétéran du métro 7"", image: ""line07_02"" },"
Vétéran du métro 7bis	line07bis_01	"{ name: ""Vétéran du métro 7bis"", image: ""line07bis_01"" },"
Vétéran du métro 8	line08_02	"{ name: ""Vétéran du métro 8"", image: ""line08_02"" },"
Vétéran du métro 9	line09_02	"{ name: ""Vétéran du métro 9"", image: ""line09_02"" },"
Vétéran du métro 10	line10_02	"{ name: ""Vétéran du métro 10"", image: ""line10_02"" },"
Vétéran du métro 11	line11_01	"{ name: ""Vétéran du métro 11"", image: ""line11_01"" },"
Vétéran du métro 12	line12_02	"{ name: ""Vétéran du métro 12"", image: ""line12_02"" },"
Vétéran du métro 13	line13_02	"{ name: ""Vétéran du métro 13"", image: ""line13_02"" },"
Vétéran du métro 14	line14_02	"{ name: ""Vétéran du métro 14"", image: ""line14_02"" },"
Vétéran du tram T1	lineT1_01	"{ name: ""Vétéran du tram T1"", image: ""lineT1_01"" },"
Vétéran du tram T2	lineT2_01	"{ name: ""Vétéran du tram T2"", image: ""lineT2_01"" },"
Vétéran du tram T3a	lineT3a_01	"{ name: ""Vétéran du tram T3a"", image: ""lineT3a_01"" },"
Vétéran du tram T3b	lineT3b_01	"{ name: ""Vétéran du tram T3b"", image: ""lineT3b_01"" },"
